design_id,collection,title,source_filename,source_status,original_preserved,notes
MTW-001,Mongolian Trend Words,, ,source_unavailable,not_received,Original asset required; do not invent
MTW-002,Mongolian Trend Words,, ,source_unavailable,not_received,Original asset required; do not invent
MTW-003,Mongolian Trend Words,, ,source_unavailable,not_received,Original asset required; do not invent
MTW-004,Mongolian Trend Words,, ,source_unavailable,not_received,Original asset required; do not invent
MTW-005,Mongolian Trend Words,, ,source_unavailable,not_received,Original asset required; do not invent
MTW-006,Mongolian Trend Words,, ,source_unavailable,not_received,Original asset required; do not invent
MTW-007,Mongolian Trend Words,, ,source_unavailable,not_received,Original asset required; do not invent
MTW-008,Mongolian Trend Words,, ,source_unavailable,not_received,Original asset required; do not invent
MTW-009,Mongolian Trend Words,, ,source_unavailable,not_received,Original asset required; do not invent
MTW-010,Mongolian Trend Words,, ,source_unavailable,not_received,Original asset required; do not invent
MTW-011,Mongolian Trend Words,, ,source_unavailable,not_received,Original asset required; do not invent
MTW-012,Mongolian Trend Words,, ,source_unavailable,not_received,Original asset required; do not invent
MTW-013,Mongolian Trend Words,, ,source_unavailable,not_received,Original asset required; do not invent
MTW-014,Mongolian Trend Words,, ,source_unavailable,not_received,Original asset required; do not invent
MTW-015,Mongolian Trend Words,, ,source_unavailable,not_received,Original asset required; do not invent
MTW-016,Mongolian Trend Words,, ,source_unavailable,not_received,Original asset required; do not invent
MTW-017,Mongolian Trend Words,, ,source_unavailable,not_received,Original asset required; do not invent
MTW-018,Mongolian Trend Words,, ,source_unavailable,not_received,Original asset required; do not invent
MTW-019,Mongolian Trend Words,, ,source_unavailable,not_received,Original asset required; do not invent
MTW-020,Mongolian Trend Words,, ,source_unavailable,not_received,Original asset required; do not invent
